{
  "IcoMoonType": "selection",
  "icons": [
    {
      "icon": {
        "paths": [
          "M810 854v-684h-84v128h-428v-128h-84v684h596zM512 86c-24 0-42 18-42 42s18 42 42 42 42-18 42-42-18-42-42-42zM810 86c46 0 86 38 86 84v684c0 46-40 84-86 84h-596c-46 0-86-38-86-84v-684c0-46 40-84 86-84h178c18-50 64-86 120-86s102 36 120 86h178z"
        ],
        "attrs": [],
        "isMulticolor": false,
        "isMulticolor2": false,
        "tags": [
          "content_paste"
        ],
        "defaultCode": 57679,
        "grid": 24
      },
      "attrs": [],
      "properties": {
        "order": 26,
        "ligatures": "content_paste",
        "id": 181,
        "prevSize": 24,
        "code": 57679,
        "name": "content_paste"
      },
      "setIdx": 2,
      "setId": 2,
      "iconIdx": 181
    },
    {
      "icon": {
        "paths": [
          "M598 598v84h-300v-84h300zM810 810v-468h-596v468h596zM810 128c46 0 86 40 86 86v596c0 46-40 86-86 86h-596c-48 0-86-40-86-86v-596c0-46 38-86 86-86h42v-86h86v86h340v-86h86v86h42zM726 426v86h-428v-86h428z"
        ],
        "attrs": [],
        "isMulticolor": false,
        "isMulticolor2": false,
        "tags": [
          "event_note"
        ],
        "defaultCode": 58902,
        "grid": 24
      },
      "attrs": [],
      "properties": {
        "order": 27,
        "ligatures": "event_note",
        "id": 252,
        "prevSize": 24,
        "code": 58902,
        "name": "event_note"
      },
      "setIdx": 2,
      "setId": 2,
      "iconIdx": 252
    },
    {
      "icon": {
        "paths": [
          "M512 554c114 0 342 58 342 172v128h-684v-128c0-114 228-172 342-172zM512 170c94 0 170 78 170 172s-76 170-170 170-170-76-170-170 76-172 170-172zM512 636c-126 0-260 62-260 90v46h520v-46c0-28-134-90-260-90zM512 252c-50 0-90 40-90 90s40 88 90 88 90-38 90-88-40-90-90-90z"
        ],
        "attrs": [],
        "isMulticolor": false,
        "isMulticolor2": false,
        "tags": [
          "person_outline"
        ],
        "defaultCode": 59391,
        "grid": 24
      },
      "attrs": [],
      "properties": {
        "order": 33,
        "ligatures": "perm_identity, person_outline",
        "id": 553,
        "prevSize": 24,
        "code": 59391,
        "name": "person_outline"
      },
      "setIdx": 2,
      "setId": 2,
      "iconIdx": 553
    },
    {
      "icon": {
        "paths": [
          "M556 556h382c-20 202-180 362-382 382v-382zM556 86c202 20 362 180 382 382h-382v-382zM470 86v852c-216-22-384-204-384-426s168-404 384-426z"
        ],
        "attrs": [],
        "isMulticolor": false,
        "isMulticolor2": false,
        "tags": [
          "pie_chart"
        ],
        "defaultCode": 59076,
        "grid": 24
      },
      "attrs": [],
      "properties": {
        "order": 28,
        "ligatures": "pie_chart",
        "id": 584,
        "prevSize": 24,
        "code": 59076,
        "name": "pie_chart"
      },
      "setIdx": 2,
      "setId": 2,
      "iconIdx": 584
    },
    {
      "icon": {
        "paths": [
          "M406 598c106 0 192-86 192-192s-86-192-192-192-192 86-192 192 86 192 192 192zM662 598l212 212-64 64-212-212v-34l-12-12c-48 42-112 66-180 66-154 0-278-122-278-276s124-278 278-278 276 124 276 278c0 68-24 132-66 180l12 12h34z"
        ],
        "attrs": [],
        "isMulticolor": false,
        "isMulticolor2": false,
        "tags": [
          "search"
        ],
        "defaultCode": 59574,
        "grid": 24
      },
      "attrs": [],
      "properties": {
        "order": 34,
        "ligatures": "search",
        "id": 655,
        "prevSize": 24,
        "code": 59574,
        "name": "search"
      },
      "setIdx": 2,
      "setId": 2,
      "iconIdx": 655
    },
    {
      "icon": {
        "paths": [
          "M512 662c82 0 150-68 150-150s-68-150-150-150-150 68-150 150 68 150 150 150zM830 554l90 70c8 6 10 18 4 28l-86 148c-6 10-16 12-26 8l-106-42c-22 16-46 32-72 42l-16 112c-2 10-10 18-20 18h-172c-10 0-18-8-20-18l-16-112c-26-10-50-24-72-42l-106 42c-10 4-20 2-26-8l-86-148c-6-10-4-22 4-28l90-70c-2-14-2-28-2-42s0-28 2-42l-90-70c-8-6-10-18-4-28l86-148c6-10 16-12 26-8l106 42c22-16 46-32 72-42l16-112c2-10 10-18 20-18h172c10 0 18 8 20 18l16 112c26 10 50 24 72 42l106-42c10-4 20-2 26 8l86 148c6 10 4 22-4 28l-90 70c2 14 2 28 2 42s0 28-2 42z"
        ],
        "attrs": [],
        "isMulticolor": false,
        "isMulticolor2": false,
        "tags": [
          "settings"
        ],
        "defaultCode": 59576,
        "grid": 24
      },
      "attrs": [],
      "properties": {
        "order": 32,
        "ligatures": "settings",
        "id": 664,
        "prevSize": 24,
        "code": 59576,
        "name": "settings"
      },
      "setIdx": 2,
      "setId": 2,
      "iconIdx": 664
    },
    {
      "icon": {
        "paths": [
          "M682 256h256v256l-98-98-268 268-170-170-256 256-60-60 316-316 170 170 208-208z"
        ],
        "attrs": [],
        "isMulticolor": false,
        "isMulticolor2": false,
        "tags": [
          "trending_up"
        ],
        "defaultCode": 59621,
        "grid": 24
      },
      "attrs": [],
      "properties": {
        "order": 31,
        "ligatures": "trending_up",
        "id": 780,
        "prevSize": 24,
        "code": 59621,
        "name": "trending_up"
      },
      "setIdx": 2,
      "setId": 2,
      "iconIdx": 780
    },
    {
      "icon": {
        "paths": [
          "M512 128c236 0 426 190 426 426 0 158-84 296-212 370l-44-74c102-60 172-170 172-296 0-188-154-340-342-340s-342 152-342 340c0 126 68 236 170 296l-42 74c-128-74-212-212-212-370 0-236 190-426 426-426zM768 554c0 94-52 178-128 222l-42-74c50-30 84-84 84-148 0-94-76-170-170-170s-170 76-170 170c0 64 34 118 84 148l-42 74c-76-44-128-128-128-222 0-142 114-256 256-256s256 114 256 256zM512 470c46 0 86 38 86 84s-40 86-86 86-86-40-86-86 40-84 86-84z"
        ],
        "attrs": [],
        "isMulticolor": false,
        "isMulticolor2": false,
        "tags": [
          "wifi_tethering"
        ],
        "defaultCode": 57826,
        "grid": 24
      },
      "attrs": [],
      "properties": {
        "order": 30,
        "ligatures": "wifi_tethering",
        "id": 838,
        "prevSize": 24,
        "code": 57826,
        "name": "wifi_tethering"
      },
      "setIdx": 2,
      "setId": 2,
      "iconIdx": 838
    }
  ],
  "height": 1024,
  "metadata": {
    "name": "icomoon"
  },
  "preferences": {
    "showGlyphs": true,
    "showQuickUse": true,
    "showQuickUse2": true,
    "showSVGs": true,
    "fontPref": {
      "prefix": "icon-",
      "metadata": {
        "fontFamily": "icomoon"
      },
      "metrics": {
        "emSize": 1024,
        "baseline": 6.25,
        "whitespace": 50
      },
      "embed": false
    },
    "imagePref": {
      "prefix": "icon-",
      "png": true,
      "useClassSelector": true,
      "color": 0,
      "bgColor": 16777215,
      "classSelector": ".icon"
    },
    "historySize": 50,
    "showCodes": true,
    "gridSize": 16
  }
}