{
  "IcoMoonType": "selection",
  "icons": [
    {
      "icon": {
        "paths": [
          "M968 810c18 12 18 42-4 60l-98 98c-18 18-42 18-60 0l-388-388c-98 38-212 18-294-64-86-86-108-214-56-316l188 184 128-128-184-184c102-46 230-30 316 56 82 82 102 196 64 294z"
        ],
        "attrs": [],
        "isMulticolor": false,
        "isMulticolor2": false,
        "tags": [
          "build"
        ],
        "defaultCode": 59497,
        "grid": 24
      },
      "attrs": [],
      "properties": {
        "order": 82,
        "ligatures": "build",
        "id": 114,
        "prevSize": 24,
        "code": 59497,
        "name": "build"
      },
      "setIdx": 4,
      "setId": 2,
      "iconIdx": 114
    },
    {
      "icon": {
        "paths": [
          "M854 682v-512h-684v598l86-86h598zM854 86c46 0 84 38 84 84v512c0 46-38 86-84 86h-598l-170 170v-768c0-46 38-84 84-84h684z"
        ],
        "attrs": [],
        "isMulticolor": false,
        "isMulticolor2": false,
        "tags": [
          "chat_bubble_outline"
        ],
        "defaultCode": 57547,
        "grid": 24
      },
      "attrs": [],
      "properties": {
        "order": 79,
        "ligatures": "chat_bubble_outline",
        "id": 147,
        "prevSize": 24,
        "code": 57547,
        "name": "chat_bubble_outline"
      },
      "setIdx": 4,
      "setId": 2,
      "iconIdx": 147
    },
    {
      "icon": {
        "paths": [
          "M658 316l-196 196 196 196-60 60-256-256 256-256z"
        ],
        "attrs": [],
        "isMulticolor": false,
        "isMulticolor2": false,
        "tags": [
          "navigate_before"
        ],
        "defaultCode": 58376,
        "grid": 24
      },
      "attrs": [],
      "properties": {
        "order": 71,
        "ligatures": "chevron_left, navigate_before",
        "id": 152,
        "prevSize": 24,
        "code": 58376,
        "name": "navigate_before"
      },
      "setIdx": 4,
      "setId": 2,
      "iconIdx": 152
    },
    {
      "icon": {
        "paths": [
          "M426 256l256 256-256 256-60-60 196-196-196-196z"
        ],
        "attrs": [],
        "isMulticolor": false,
        "isMulticolor2": false,
        "tags": [
          "navigate_next"
        ],
        "defaultCode": 58377,
        "grid": 24
      },
      "attrs": [],
      "properties": {
        "order": 72,
        "ligatures": "chevron_right, navigate_next",
        "id": 153,
        "prevSize": 24,
        "code": 58377,
        "name": "navigate_next"
      },
      "setIdx": 4,
      "setId": 2,
      "iconIdx": 153
    },
    {
      "icon": {
        "paths": [
          "M884 300l-78 78-160-160 78-78c16-16 44-16 60 0l100 100c16 16 16 44 0 60zM128 736l472-472 160 160-472 472h-160v-160z"
        ],
        "attrs": [],
        "isMulticolor": false,
        "isMulticolor2": false,
        "tags": [
          "mode_edit"
        ],
        "defaultCode": 57940,
        "grid": 24
      },
      "attrs": [],
      "properties": {
        "order": 81,
        "ligatures": "create, edit, mode_edit",
        "id": 184,
        "prevSize": 24,
        "code": 57940,
        "name": "mode_edit"
      },
      "setIdx": 4,
      "setId": 2,
      "iconIdx": 184
    },
    {
      "icon": {
        "paths": [
          "M512 342l256 256-60 60-196-196-196 196-60-60z"
        ],
        "attrs": [],
        "isMulticolor": false,
        "isMulticolor2": false,
        "tags": [
          "expand_less"
        ],
        "defaultCode": 58830,
        "grid": 24
      },
      "attrs": [],
      "properties": {
        "order": 78,
        "ligatures": "expand_less",
        "id": 255,
        "prevSize": 24,
        "code": 58830,
        "name": "expand_less"
      },
      "setIdx": 4,
      "setId": 2,
      "iconIdx": 255
    },
    {
      "icon": {
        "paths": [
          "M708 366l60 60-256 256-256-256 60-60 196 196z"
        ],
        "attrs": [],
        "isMulticolor": false,
        "isMulticolor2": false,
        "tags": [
          "expand_more"
        ],
        "defaultCode": 58831,
        "grid": 24
      },
      "attrs": [],
      "properties": {
        "order": 77,
        "ligatures": "expand_more",
        "id": 256,
        "prevSize": 24,
        "code": 58831,
        "name": "expand_more"
      },
      "setIdx": 4,
      "setId": 2,
      "iconIdx": 256
    },
    {
      "icon": {
        "paths": [
          "M516 792c204-184 338-306 338-430 0-86-64-148-150-148-66 0-130 42-152 100h-80c-22-58-86-100-152-100-86 0-150 62-150 148 0 124 134 246 338 430l4 4zM704 128c132 0 234 102 234 234 0 162-144 292-364 492l-62 56-62-54c-220-200-364-332-364-494 0-132 102-234 234-234 74 0 146 36 192 90 46-54 118-90 192-90z"
        ],
        "attrs": [],
        "isMulticolor": false,
        "isMulticolor2": false,
        "tags": [
          "favorite_border"
        ],
        "defaultCode": 59518,
        "grid": 24
      },
      "attrs": [],
      "properties": {
        "order": 73,
        "ligatures": "favorite_border",
        "id": 270,
        "prevSize": 24,
        "code": 59518,
        "name": "favorite_border"
      },
      "setIdx": 4,
      "setId": 2,
      "iconIdx": 270
    },
    {
      "icon": {
        "paths": [
          "M512 426c46 0 86 40 86 86s-40 86-86 86-86-40-86-86 40-86 86-86zM768 426c46 0 86 40 86 86s-40 86-86 86-86-40-86-86 40-86 86-86zM256 426c46 0 86 40 86 86s-40 86-86 86-86-40-86-86 40-86 86-86z"
        ],
        "attrs": [],
        "isMulticolor": false,
        "isMulticolor2": false,
        "tags": [
          "more_horiz"
        ],
        "defaultCode": 58835,
        "grid": 24
      },
      "attrs": [],
      "properties": {
        "order": 74,
        "ligatures": "more_horiz",
        "id": 501,
        "prevSize": 24,
        "name": "more_horiz",
        "code": 58835
      },
      "setIdx": 4,
      "setId": 2,
      "iconIdx": 501
    },
    {
      "icon": {
        "paths": [
          "M682 726v-256c0-106-64-192-170-192s-170 86-170 192v256h340zM768 682l86 86v42h-684v-42l86-86v-212c0-132 70-240 192-270v-30c0-36 28-64 64-64s64 28 64 64v30c122 30 192 140 192 270v212zM512 938c-46 0-86-38-86-84h172c0 46-40 84-86 84z"
        ],
        "attrs": [],
        "isMulticolor": false,
        "isMulticolor2": false,
        "tags": [
          "notifications_none"
        ],
        "defaultCode": 59381,
        "grid": 24
      },
      "attrs": [],
      "properties": {
        "order": 75,
        "ligatures": "notifications_none",
        "id": 528,
        "prevSize": 24,
        "code": 59381,
        "name": "notifications_none"
      },
      "setIdx": 4,
      "setId": 2,
      "iconIdx": 528
    },
    {
      "icon": {
        "paths": [
          "M512 554c114 0 342 58 342 172v128h-684v-128c0-114 228-172 342-172zM512 170c94 0 170 78 170 172s-76 170-170 170-170-76-170-170 76-172 170-172zM512 636c-126 0-260 62-260 90v46h520v-46c0-28-134-90-260-90zM512 252c-50 0-90 40-90 90s40 88 90 88 90-38 90-88-40-90-90-90z"
        ],
        "attrs": [],
        "isMulticolor": false,
        "isMulticolor2": false,
        "tags": [
          "person_outline"
        ],
        "defaultCode": 59391,
        "grid": 24
      },
      "attrs": [],
      "properties": {
        "order": 80,
        "ligatures": "perm_identity, person_outline",
        "id": 553,
        "prevSize": 24,
        "code": 59391,
        "name": "person_outline"
      },
      "setIdx": 4,
      "setId": 2,
      "iconIdx": 553
    },
    {
      "icon": {
        "paths": [
          "M86 896v-298l640-86-640-86v-298l896 384z"
        ],
        "attrs": [],
        "isMulticolor": false,
        "isMulticolor2": false,
        "tags": [
          "send"
        ],
        "defaultCode": 57699,
        "grid": 24
      },
      "attrs": [],
      "properties": {
        "order": 76,
        "ligatures": "send",
        "id": 658,
        "prevSize": 24,
        "code": 57699,
        "name": "send"
      },
      "setIdx": 4,
      "setId": 2,
      "iconIdx": 658
    }
  ],
  "height": 1024,
  "metadata": {
    "name": "icomoon"
  },
  "preferences": {
    "showGlyphs": true,
    "showQuickUse": true,
    "showQuickUse2": true,
    "showSVGs": true,
    "fontPref": {
      "prefix": "icon-",
      "metadata": {
        "fontFamily": "icomoon"
      },
      "metrics": {
        "emSize": 1024,
        "baseline": 6.25,
        "whitespace": 50
      },
      "embed": false,
      "resetPoint": 59648
    },
    "imagePref": {
      "prefix": "icon-",
      "png": true,
      "useClassSelector": true,
      "color": 0,
      "bgColor": 16777215,
      "classSelector": ".icon"
    },
    "historySize": 50,
    "showCodes": true,
    "gridSize": 16
  }
}